step_number,operation_type,file_type,tool_used,start_time_iso,end_time_iso,duration_ms
1,mark_ac,story_md,apply_diff,NA,2025-05-24T19:14:39Z,NA
1,append_journal,journal_md,write_to_file,NA,2025-05-24T19:14:43Z,NA
2,mark_ac,story_md,apply_diff,NA,2025-05-24T19:14:55Z,NA
2,append_journal,journal_md,write_to_file,NA,2025-05-24T19:14:58Z,NA
3,mark_ac,story_md,apply_diff,NA,2025-05-24T19:15:10Z,NA
3,append_journal,journal_md,write_to_file,NA,2025-05-24T19:15:17Z,NA
4,mark_ac,story_md,apply_diff,NA,2025-05-24T19:15:30Z,NA
4,append_journal,journal_md,write_to_file,NA,2025-05-24T19:15:32Z,NA
5,mark_ac,story_md,apply_diff,NA,2025-05-24T19:15:46Z,NA
5,append_journal,journal_md,write_to_file,NA,2025-05-24T19:15:48Z,NA
6,mark_ac,story_md,apply_diff,NA,2025-05-24T19:16:03Z,NA
6,append_journal,journal_md,write_to_file,NA,2025-05-24T19:16:06Z,NA
7,mark_ac,story_md,apply_diff,NA,2025-05-24T19:16:18Z,NA
7,append_journal,journal_md,write_to_file,NA,2025-05-24T19:16:21Z,NA
8,mark_ac,story_md,apply_diff,NA,2025-05-24T19:16:34Z,NA
8,append_journal,journal_md,write_to_file,NA,2025-05-24T19:16:37Z,NA
9,mark_ac,story_md,apply_diff,NA,2025-05-24T19:16:50Z,NA
9,append_journal,journal_md,write_to_file,NA,2025-05-24T19:16:53Z,NA
10,mark_ac,story_md,apply_diff,NA,2025-05-24T19:17:07Z,NA
10,append_journal,journal_md,write_to_file,NA,2025-05-24T19:17:09Z,NA
11,mark_ac,story_md,apply_diff,NA,2025-05-24T19:17:24Z,NA
11,append_journal,journal_md,write_to_file,NA,2025-05-24T19:17:27Z,NA
12,mark_ac,story_md,apply_diff,NA,2025-05-24T19:17:42Z,NA
12,append_journal,journal_md,write_to_file,NA,2025-05-24T19:17:45Z,NA
13,mark_ac,story_md,apply_diff,NA,2025-05-24T19:18:00Z,NA
13,append_journal,journal_md,write_to_file,NA,2025-05-24T19:18:03Z,NA
14,mark_ac,story_md,apply_diff,NA,2025-05-24T19:18:19Z,NA
14,append_journal,journal_md,write_to_file,NA,2025-05-24T19:18:22Z,NA
15,mark_ac,story_md,apply_diff,NA,2025-05-24T19:18:40Z,NA
15,append_journal,journal_md,write_to_file,NA,2025-05-24T19:18:42Z,NA
16,mark_ac,story_md,apply_diff,NA,2025-05-24T19:18:59Z,NA
16,append_journal,journal_md,write_to_file,NA,2025-05-24T19:19:02Z,NA
17,mark_ac,story_md,apply_diff,NA,2025-05-24T19:19:20Z,NA
17,append_journal,journal_md,write_to_file,NA,2025-05-24T19:19:23Z,NA
18,mark_ac,story_md,apply_diff,NA,2025-05-24T19:19:42Z,NA
18,append_journal,journal_md,write_to_file,NA,2025-05-24T19:19:45Z,NA
19,mark_ac,story_md,apply_diff,NA,2025-05-24T19:20:04Z,NA
19,append_journal,journal_md,write_to_file,NA,2025-05-24T19:20:07Z,NA
20,mark_ac,story_md,apply_diff,NA,2025-05-24T19:20:27Z,NA
20,append_journal,journal_md,write_to_file,NA,2025-05-24T19:20:30Z,NA
21,mark_ac,story_md,apply_diff,NA,2025-05-24T19:20:50Z,NA
21,append_journal,journal_md,write_to_file,NA,2025-05-24T19:20:53Z,NA
22,mark_ac,story_md,apply_diff,NA,2025-05-24T19:21:13Z,NA
22,append_journal,journal_md,write_to_file,NA,2025-05-24T19:21:16Z,NA
23,mark_ac,story_md,apply_diff,NA,2025-05-24T19:21:42Z,NA
23,append_journal,journal_md,write_to_file,NA,2025-05-24T19:21:46Z,NA
24,mark_ac,story_md,apply_diff,NA,2025-05-24T19:22:11Z,NA
24,append_journal,journal_md,write_to_file,NA,2025-05-24T19:22:16Z,NA
25,mark_ac,story_md,apply_diff,NA,2025-05-24T19:22:43Z,NA
25,append_journal,journal_md,write_to_file,NA,2025-05-24T19:22:46Z,NA
26,mark_ac,story_md,apply_diff,NA,2025-05-24T19:23:15Z,NA
26,append_journal,journal_md,write_to_file,NA,2025-05-24T19:23:19Z,NA
27,mark_ac,story_md,apply_diff,NA,2025-05-24T19:23:50Z,NA
27,append_journal,journal_md,write_to_file,NA,2025-05-24T19:23:54Z,NA
28,mark_ac,story_md,apply_diff,NA,2025-05-24T19:24:29Z,NA
28,append_journal,journal_md,write_to_file,NA,2025-05-24T19:24:33Z,NA
29,mark_ac,story_md,apply_diff,NA,2025-05-24T19:25:05Z,NA
29,append_journal,journal_md,write_to_file,NA,2025-05-24T19:25:10Z,NA
30,mark_ac,story_md,apply_diff,NA,2025-05-24T19:25:44Z,NA
30,append_journal,journal_md,write_to_file,NA,2025-05-24T19:25:48Z,NA